Workbook

Sheet Invoices
A1: Invoice ID | B1: Invoice ID Clean | C1: Customer Name | D1: Invoice Date | E1: Due Date | F1: Invoice Amount | G1: Payment Received | H1: Payment Date | I1: Outstanding Amount | J1: Status
A2: INV1001 | B2: =TRIM(A2) -> INV1001 | C2: Summit Tech Solutions | D2: 46082 | E2: 46096 | F2: 1200 | G2: 1200 | H2: 46086 | I2: =F2-G2 -> 0 | J2: =IF(I2=0,"Paid",IF(TODAY()>E2,"Overdue","Partial")) -> Paid
A3: INV1002 | B3: =TRIM(A3) -> INV1002 | C3: Greenfield Supply Co | D3: 46084 | E3: 46098 | F3: 800 | G3: 400 | H3: 46091 | I3: =F3-G3 -> 400 | J3: =IF(I3=0,"Paid",IF(TODAY()>E3,"Overdue","Partial")) -> Overdue
A4: INV1003 | B4: =TRIM(A4) -> INV1003 | C4: Horizon Marketing | D4: 46081 | E4: 46095 | F4: 500 | G4: 0 | I4: =F4-G4 -> 500 | J4: =IF(I4=0,"Paid",IF(TODAY()>E4,"Overdue","Partial")) -> Overdue
A5: INV1004 | B5: =TRIM(A5) -> INV1004 | C5: Maplewood Logistics | D5: 46086 | E5: 46101 | F5: 1500 | G5: 1500 | H5: 46099 | I5: =F5-G5 -> 0 | J5: =IF(I5=0,"Paid",IF(TODAY()>E5,"Overdue","Partial")) -> Paid
A6: INV1005 | B6: =TRIM(A6) -> INV1005 | C6: Bluewater Consulting | D6: 46088 | E6: 46103 | F6: 950 | G6: 0 | I6: =F6-G6 -> 950 | J6: =IF(I6=0,"Paid",IF(TODAY()>E6,"Overdue","Partial")) -> Overdue
A7: INV1006 | B7: =TRIM(A7) -> INV1006 | C7: Northstar Retail Group | D7: 46091 | E7: 46106 | F7: 600 | G7: 600 | H7: 46096 | I7: =F7-G7 -> 0 | J7: =IF(I7=0,"Paid",IF(TODAY()>E7,"Overdue","Partial")) -> Paid
A8: INV1007 | B8: =TRIM(A8) -> INV1007 | C8: Silverline Services | D8: 46093 | E8: 46108 | F8: 1100 | G8: 500 | H8: 46101 | I8: =F8-G8 -> 600 | J8: =IF(I8=0,"Paid",IF(TODAY()>E8,"Overdue","Partial")) -> Partial
A9: INV1008 | B9: =TRIM(A9) -> INV1008 | C9: Crestview Partners | D9: 46096 | E9: 46111 | F9: 700 | G9: 0 | I9: =F9-G9 -> 700 | J9: =IF(I9=0,"Paid",IF(TODAY()>E9,"Overdue","Partial")) -> Partial
A10: INV1009 | B10: =TRIM(A10) -> INV1009 | C10: Redwood Manufacturing | D10: 46099 | E10: 46113 | F10: 2000 | G10: 2000 | H10: 46106 | I10: =F10-G10 -> 0 | J10: =IF(I10=0,"Paid",IF(TODAY()>E10,"Overdue","Partial")) -> Paid
A11: INV1010 | B11: =TRIM(A11) -> INV1010 | C11: BrightPath Solutions | D11: 46101 | E11: 46116 | F11: 400 | G11: 0 | I11: =F11-G11 -> 400 | J11: =IF(I11=0,"Paid",IF(TODAY()>E11,"Overdue","Partial")) -> Partial

Sheet Payments
A1: Payment ID | B1: Customer Name | C1: Payment Date | D1: Amount Paid | E1: Invoice ID | F1: Invoice Amount | G1: Check
A2: PAY1001 | B2: Summit Tech Solutions | C2: 46086 | D2: 1200 | E2: INV1001 | F2: =IFERROR(VLOOKUP(E2,Invoices!B:I,5,FALSE),"") -> 1200 | G2: =IF(D2=F2,"Match","Mismatch") -> Match
A3: PAY1002 | B3: Greenfield Supply Co | C3: 46091 | D3: 400 | E3: INV1002 | F3: =IFERROR(VLOOKUP(E3,Invoices!B:I,5,FALSE),"") -> 800 | G3: =IF(D3=F3,"Match","Mismatch") -> Mismatch
A4: PAY1003 | B4: Maplewood Logistics | C4: 46099 | D4: 1500 | E4: INV1004 | F4: =IFERROR(VLOOKUP(E4,Invoices!B:I,5,FALSE),"") -> 1500 | G4: =IF(D4=F4,"Match","Mismatch") -> Match
A5: PAY1004 | B5: Northstar Retail Group | C5: 46096 | D5: 600 | E5: INV1006 | F5: =IFERROR(VLOOKUP(E5,Invoices!B:I,5,FALSE),"") -> 600 | G5: =IF(D5=F5,"Match","Mismatch") -> Match
A6: PAY1005 | B6: Redwood Manufacturing | C6: 46106 | D6: 2000 | E6: INV1009 | F6: =IFERROR(VLOOKUP(E6,Invoices!B:I,5,FALSE),"") -> 2000 | G6: =IF(D6=F6,"Match","Mismatch") -> Match

Sheet Summary
A1: Customer Name | B1: Sum of Invoice Amount | C1: Sum of Outstanding Amount
A2: Bluewater Consulting | B2: 950 | C2: 950
A3: BrightPath Solutions | B3: 400 | C3: 400
A4: Crestview Partners | B4: 700 | C4: 700
A5: Greenfield Supply Co | B5: 800 | C5: 400
A6: Horizon Marketing | B6: 500 | C6: 500
A7: Maplewood Logistics | B7: 1500 | C7: 0
A8: Northstar Retail Group | B8: 600 | C8: 0
A9: Redwood Manufacturing | B9: 2000 | C9: 0
A10: Silverline Services | B10: 1100 | C10: 600
A11: Summit Tech Solutions | B11: 1200 | C11: 0
A12: Grand Total | B12: 9750 | C12: 3550
